催化剂组合编号,催化剂组合,温度,乙醇转化率(%),乙烯选择性（%）,C4烯烃选择性(%),乙醛选择性(%),碳数为4-12脂肪醇         选择性(%),甲基苯甲醛和甲基苯甲醇选择性(%),其他生成物的选择性(%),Co_SiO2_mass,Co_loading,HAP_mass,ethanol_conc,C4烯烃收率,总催化剂质量,Co_SiO2_HAP_ratio,装料方式
A1,200mg 1wt%Co/SiO2- 200mg HAP-乙醇浓度1.68ml/min,250,2.06716944958221,1.17,34.05,2.41,52.59,0.0,9.78,200,1.0,200,1.68,0.7038711975827424,400,0.99999999995,I
A1,200mg 1wt%Co/SiO2- 200mg HAP-乙醇浓度1.68ml/min,275,5.8517209865374,1.63,37.43,1.42,53.21,0.0,6.31,200,1.0,200,1.68,2.1902991652609485,400,0.99999999995,I
A1,200mg 1wt%Co/SiO2- 200mg HAP-乙醇浓度1.68ml/min,300,14.9688914921879,3.02,46.94,4.71,35.16,1.0,9.17,200,1.0,200,1.68,7.026397666433001,400,0.99999999995,I
A1,200mg 1wt%Co/SiO2- 200mg HAP-乙醇浓度1.68ml/min,325,19.6813590966625,7.97,49.7,14.69,15.16,2.13,10.35,200,1.0,200,1.68,9.781635471041263,400,0.99999999995,I
A1,200mg 1wt%Co/SiO2- 200mg HAP-乙醇浓度1.68ml/min,350,36.801016971268,12.46,47.21,18.66,9.22,1.69,10.76,200,1.0,200,1.68,17.37376011213562,400,0.99999999995,I
A2,200mg 2wt%Co/SiO2- 200mg HAP-乙醇浓度1.68ml/min,250,4.60299723489029,0.61,18.07,0.94,72.99,0.0,7.39,200,2.0,200,1.68,0.8317616003446753,400,0.99999999995,I
A2,200mg 2wt%Co/SiO2- 200mg HAP-乙醇浓度1.68ml/min,275,17.1955389078373,0.51,17.28,1.43,72.62,0.0,8.16,200,2.0,200,1.68,2.9713891232742857,400,0.99999999995,I
A2,200mg 2wt%Co/SiO2- 200mg HAP-乙醇浓度1.68ml/min,300,38.9222453049932,0.85,19.6,2.21,67.5,0.0,9.84,200,2.0,200,1.68,7.628760079778667,400,0.99999999995,I
A2,200mg 2wt%Co/SiO2- 200mg HAP-乙醇浓度1.68ml/min,325,56.3824602331247,1.43,30.62,3.79,51.21,0.0,12.95,200,2.0,200,1.68,17.264309323382783,400,0.99999999995,I
A2,200mg 2wt%Co/SiO2- 200mg HAP-乙醇浓度1.68ml/min,350,67.8792957456246,2.76,39.1,4.2,36.92,1.87,15.15,200,2.0,200,1.68,26.54080463653922,400,0.99999999995,I
A3,200mg 1wt%Co/SiO2- 200mg HAP-乙醇浓度0.9ml/min,250,9.6693729570379,0.13,5.5,1.23,85.09,3.97,4.08,200,1.0,200,0.9,0.5318155126370846,400,0.99999999995,I
A3,200mg 1wt%Co/SiO2- 200mg HAP-乙醇浓度0.9ml/min,275,19.2369353731673,0.33,8.04,1.71,82.07,2.88,4.97,200,1.0,200,0.9,1.5466496040026507,400,0.99999999995,I
A3,200mg 1wt%Co/SiO2- 200mg HAP-乙醇浓度0.9ml/min,300,29.2502335391358,0.71,17.01,3.63,66.9,3.18,8.57,200,1.0,200,0.9,4.975464725007,400,0.99999999995,I
A3,200mg 1wt%Co/SiO2- 200mg HAP-乙醇浓度0.9ml/min,325,37.5791851341654,1.83,28.72,5.72,49.77,3.44,10.52,200,1.0,200,0.9,10.792741970532301,400,0.99999999995,I
A3,200mg 1wt%Co/SiO2- 200mg HAP-乙醇浓度0.9ml/min,350,48.9370446484212,2.85,36.85,7.23,38.29,3.51,11.27,200,1.0,200,0.9,18.033300952943215,400,0.99999999995,I
A3,200mg 1wt%Co/SiO2- 200mg HAP-乙醇浓度0.9ml/min,400,83.7133815760754,6.76,53.43,8.95,14.37,3.38,13.11,200,1.0,200,0.9,44.72805977609709,400,0.99999999995,I
A3,200mg 1wt%Co/SiO2- 200mg HAP-乙醇浓度0.9ml/min,450,86.4097027402944,14.84,49.9,8.39,12.41,2.09,12.37,200,1.0,200,0.9,43.118441667406906,400,0.99999999995,I
A4,200mg 0.5wt%Co/SiO2- 200mg HAP-乙醇浓度1.68ml/min,250,4.0193913236899,0.27,9.62,1.49,79.51,6.53,2.58,200,0.5,200,1.68,0.3866654453389684,400,0.99999999995,I
A4,200mg 0.5wt%Co/SiO2- 200mg HAP-乙醇浓度1.68ml/min,275,12.0977578656973,0.36,8.62,1.66,81.44,5.18,2.74,200,0.5,200,1.68,1.0428267280231072,400,0.99999999995,I
A4,200mg 0.5wt%Co/SiO2- 200mg HAP-乙醇浓度1.68ml/min,300,29.4765641102885,0.54,10.72,2.41,76.32,5.88,4.13,200,0.5,200,1.68,3.1598876726229275,400,0.99999999995,I
A4,200mg 0.5wt%Co/SiO2- 200mg HAP-乙醇浓度1.68ml/min,325,43.3256219763485,1.02,18.89,4.42,59.65,7.64,8.38,200,0.5,200,1.68,8.184209991332231,400,0.99999999995,I
A4,200mg 0.5wt%Co/SiO2- 200mg HAP-乙醇浓度1.68ml/min,350,60.4684283526454,2.23,27.25,6.8,45.0,8.73,9.99,200,0.5,200,1.68,16.47764672609587,400,0.99999999995,I
A4,200mg 0.5wt%Co/SiO2- 200mg HAP-乙醇浓度1.68ml/min,400,88.4393444439815,3.67,41.02,10.82,16.47,10.51,17.51,200,0.5,200,1.68,36.27781909092121,400,0.99999999995,I
A5,200mg 2wt%Co/SiO2- 200mg HAP-乙醇浓度0.3ml/min,250,14.7871833611187,0.14,1.96,3.27,88.42,3.36,2.85,200,2.0,200,0.3,0.2898287938779265,400,0.99999999995,I
A5,200mg 2wt%Co/SiO2- 200mg HAP-乙醇浓度0.3ml/min,275,12.4240108083889,0.19,6.65,11.27,70.05,5.77,6.07,200,2.0,200,0.3,0.8261967187578618,400,0.99999999995,I
A5,200mg 2wt%Co/SiO2- 200mg HAP-乙醇浓度0.3ml/min,300,20.8085764699292,0.74,10.12,13.18,62.45,5.66,7.85,200,2.0,200,0.3,2.1058279387568346,400,0.99999999995,I
A5,200mg 2wt%Co/SiO2- 200mg HAP-乙醇浓度0.3ml/min,325,28.3488858758218,1.14,13.86,15.83,56.28,2.92,9.97,200,2.0,200,0.3,3.9291555823889013,400,0.99999999995,I
A5,200mg 2wt%Co/SiO2- 200mg HAP-乙醇浓度0.3ml/min,350,36.8115789475551,3.11,18.75,16.16,48.0,4.36,9.62,200,2.0,200,0.3,6.902171052666581,400,0.99999999995,I
A5,200mg 2wt%Co/SiO2- 200mg HAP-乙醇浓度0.3ml/min,400,76.0198321376534,6.38,38.23,9.64,25.72,3.71,16.32,200,2.0,200,0.3,29.062381826224893,400,0.99999999995,I
A6,200mg 5wt%Co/SiO2- 200mg HAP-乙醇浓度1.68ml/min,250,13.3893967283351,0.2,3.3,11.59,80.23,1.04,3.64,200,5.0,200,1.68,0.44185009203505826,400,0.99999999995,I
A6,200mg 5wt%Co/SiO2- 200mg HAP-乙醇浓度1.68ml/min,275,12.780990768999,0.38,7.1,26.67,55.7,2.02,8.13,200,5.0,200,1.68,0.907450344598929,400,0.99999999995,I
A6,200mg 5wt%Co/SiO2- 200mg HAP-乙醇浓度1.68ml/min,300,25.479216201846,1.46,7.18,28.51,51.07,2.12,9.66,200,5.0,200,1.68,1.829407723292543,400,0.99999999995,I
A6,200mg 5wt%Co/SiO2- 200mg HAP-乙醇浓度1.68ml/min,350,55.7550272411716,14.49,10.65,42.75,19.83,3.74,8.54,200,5.0,200,1.68,5.937910401184776,400,0.99999999995,I
A6,200mg 5wt%Co/SiO2- 200mg HAP-乙醇浓度1.68ml/min,400,83.3476161758825,6.18,37.33,16.08,19.48,7.61,13.32,200,5.0,200,1.68,31.113665118456932,400,0.99999999995,I
A7,50mg 1wt%Co/SiO2- 50mg HAP-乙醇浓度0.3ml/min,250,19.6562914186116,0.18,5.75,3.69,87.26,0.0,3.12,50,1.0,50,0.3,1.130236756570167,100,0.9999999998,I
A7,50mg 1wt%Co/SiO2- 50mg HAP-乙醇浓度0.3ml/min,275,29.044956254083,0.31,6.56,3.27,84.43,0.0,5.43,50,1.0,50,0.3,1.9053491302678447,100,0.9999999998,I
A7,50mg 1wt%Co/SiO2- 50mg HAP-乙醇浓度0.3ml/min,300,39.9843661922415,0.57,8.84,3.98,79.99,0.0,6.62,50,1.0,50,0.3,3.534617971394149,100,0.9999999998,I
A7,50mg 1wt%Co/SiO2- 50mg HAP-乙醇浓度0.3ml/min,350,58.6049967786163,2.28,18.64,8.23,45.04,3.24,22.57,50,1.0,50,0.3,10.923971399534077,100,0.9999999998,I
A7,50mg 1wt%Co/SiO2- 50mg HAP-乙醇浓度0.3ml/min,400,76.0274161977392,8.31,33.25,5.79,24.57,6.76,21.32,50,1.0,50,0.3,25.279115885748283,100,0.9999999998,I
A8,50mg 1wt%Co/SiO2- 50mg HAP-乙醇浓度0.9ml/min,250,6.26573693340327,0.14,5.63,1.59,86.5,0.0,6.14,50,1.0,50,0.9,0.3527609893506041,100,0.9999999998,I
A8,50mg 1wt%Co/SiO2- 50mg HAP-乙醇浓度0.9ml/min,275,8.76156996024858,0.2,8.52,4.31,82.26,0.0,4.71,50,1.0,50,0.9,0.7464857606131791,100,0.9999999998,I
A8,50mg 1wt%Co/SiO2- 50mg HAP-乙醇浓度0.9ml/min,300,13.1790478809351,0.52,13.82,4.6,72.79,0.0,8.27,50,1.0,50,0.9,1.8213444171452309,100,0.9999999998,I
A8,50mg 1wt%Co/SiO2- 50mg HAP-乙醇浓度0.9ml/min,350,31.7206628928351,1.45,25.89,4.15,48.52,2.25,17.74,50,1.0,50,0.9,8.212479622955009,100,0.9999999998,I
A8,50mg 1wt%Co/SiO2- 50mg HAP-乙醇浓度0.9ml/min,400,56.1163898081809,6.4,41.42,4.32,24.15,0.0,23.71,50,1.0,50,0.9,23.243408658548528,100,0.9999999998,I
A9,50mg 1wt%Co/SiO2- 50mg HAP-乙醇浓度2.1ml/min,250,2.05316160924955,0.16,5.4,4.99,81.93,0.0,7.52,50,1.0,50,2.1,0.11087072689947572,100,0.9999999998,I
A9,50mg 1wt%Co/SiO2- 50mg HAP-乙醇浓度2.1ml/min,275,3.00257162012393,0.33,9.68,4.66,75.09,0.0,10.24,50,1.0,50,2.1,0.2906489328279964,100,0.9999999998,I
A9,50mg 1wt%Co/SiO2- 50mg HAP-乙醇浓度2.1ml/min,300,4.72920063011057,0.53,16.1,5.08,61.02,1.57,15.7,50,1.0,50,2.1,0.7614013014478017,100,0.9999999998,I
A9,50mg 1wt%Co/SiO2- 50mg HAP-乙醇浓度2.1ml/min,350,13.3927447682896,2.84,31.04,3.75,39.29,2.09,20.99,50,1.0,50,2.1,4.157107976077091,100,0.9999999998,I
A9,50mg 1wt%Co/SiO2- 50mg HAP-乙醇浓度2.1ml/min,400,40.7971628999023,6.36,42.04,4.71,27.07,0.0,19.82,50,1.0,50,2.1,17.151127283118925,100,0.9999999998,I
A10,50mg 5wt%Co/SiO2-  50mg HAP-乙醇浓度2.1ml/min,250,0.319963965933778,1.06,2.19,12.49,83.06,0.0,1.2,50,5.0,50,2.1,0.007007210853949738,100,0.9999999998,I
A10,50mg 5wt%Co/SiO2-  50mg HAP-乙醇浓度2.1ml/min,275,1.01545342802349,0.58,1.65,4.67,92.77,0.0,0.33,50,5.0,50,2.1,0.016754981562387583,100,0.9999999998,I
A10,50mg 5wt%Co/SiO2-  50mg HAP-乙醇浓度2.1ml/min,300,1.68467573268495,0.8,2.17,5.8,90.32,0.0,0.91,50,5.0,50,2.1,0.03655746339926341,100,0.9999999998,I
A10,50mg 5wt%Co/SiO2-  50mg HAP-乙醇浓度2.1ml/min,350,9.01884092947588,0.81,3.3,4.3,88.98,0.7,1.91,50,5.0,50,2.1,0.297621750672704,100,0.9999999998,I
A10,50mg 5wt%Co/SiO2-  50mg HAP-乙醇浓度2.1ml/min,400,28.5943907570513,1.93,10.29,3.68,79.2,0.0,4.9,50,5.0,50,2.1,2.9423628089005787,100,0.9999999998,I
A11,50mg 1wt%Co/SiO2+  90mg石英砂-乙醇浓度1.68ml/min，无HAP,250,0.227691554459886,2.14,0.1,97.76,0.0,0.0,0.0,50,1.0,0,1.68,0.00022769155445988602,50,5000000000.0,I
A11,50mg 1wt%Co/SiO2+  90mg石英砂-乙醇浓度1.68ml/min，无HAP,275,0.516312042222788,2.83,1.0,94.75,0.0,0.0,1.42,50,1.0,0,1.68,0.0051631204222278805,50,5000000000.0,I
A11,50mg 1wt%Co/SiO2+  90mg石英砂-乙醇浓度1.68ml/min，无HAP,300,1.60755277655185,3.24,1.82,93.76,0.0,0.0,1.18,50,1.0,0,1.68,0.029257460533243674,50,5000000000.0,I
A11,50mg 1wt%Co/SiO2+  90mg石英砂-乙醇浓度1.68ml/min，无HAP,350,8.20758112698906,7.61,4.35,85.83,0.0,0.0,2.21,50,1.0,0,1.68,0.3570297790240241,50,5000000000.0,I
A11,50mg 1wt%Co/SiO2+  90mg石英砂-乙醇浓度1.68ml/min，无HAP,400,32.5934981167189,13.35,7.93,75.03,0.0,0.0,3.69,50,1.0,0,1.68,2.5846644006558086,50,5000000000.0,I
A12,50mg 1wt%Co/SiO2- 50mg HAP-乙醇浓度1.68ml/min,250,1.44170934251802,0.14,6.17,3.48,81.43,7.45,1.33,50,1.0,50,1.68,0.08895346643336184,100,0.9999999998,I
A12,50mg 1wt%Co/SiO2- 50mg HAP-乙醇浓度1.68ml/min,275,3.47363039678394,0.18,8.11,4.2,80.0,5.3,2.21,50,1.0,50,1.68,0.2817114251791775,100,0.9999999998,I
A12,50mg 1wt%Co/SiO2- 50mg HAP-乙醇浓度1.68ml/min,300,6.914387607182,0.43,11.22,8.83,71.28,5.34,2.9,50,1.0,50,1.68,0.7757942895258205,100,0.9999999998,I
A12,50mg 1wt%Co/SiO2- 50mg HAP-乙醇浓度1.68ml/min,350,19.9122976584978,1.17,22.26,13.48,46.5,5.66,10.93,50,1.0,50,1.68,4.4324774587816105,100,0.9999999998,I
A12,50mg 1wt%Co/SiO2- 50mg HAP-乙醇浓度1.68ml/min,400,44.534966735128,3.63,36.3,16.25,25.79,5.32,12.71,50,1.0,50,1.68,16.166192924851465,100,0.9999999998,I
A13,67mg 1wt%Co/SiO2- 33mg HAP-乙醇浓度1.68ml/min     ,250,1.34694843685351,0.31,5.19,5.39,79.6,6.87,2.64,67,1.0,33,1.68,0.06990662387269718,100,2.030303029687787,I
A13,67mg 1wt%Co/SiO2- 33mg HAP-乙醇浓度1.68ml/min     ,275,2.30545598480325,0.66,7.62,7.67,74.74,5.91,3.4,67,1.0,33,1.68,0.17567574604200764,100,2.030303029687787,I
A13,67mg 1wt%Co/SiO2- 33mg HAP-乙醇浓度1.68ml/min     ,300,4.06672930913986,1.2,12.74,19.65,55.4,4.87,6.14,67,1.0,33,1.68,0.5181013139844182,100,2.030303029687787,I
A13,67mg 1wt%Co/SiO2- 33mg HAP-乙醇浓度1.68ml/min     ,350,14.6387758329042,2.53,23.46,26.42,30.99,3.52,13.08,67,1.0,33,1.68,3.4342568103993254,100,2.030303029687787,I
A13,67mg 1wt%Co/SiO2- 33mg HAP-乙醇浓度1.68ml/min     ,400,40.047154305474,5.19,27.91,24.73,22.05,3.85,16.27,67,1.0,33,1.68,11.177160766657794,100,2.030303029687787,I
A14,33mg 1wt%Co/SiO2- 67mg HAP-乙醇浓度1.68ml/min    ,250,2.49268861247491,0.14,1.89,2.63,90.74,3.18,1.42,33,1.0,67,1.68,0.0471118147757758,100,0.4925373133593228,I
A14,33mg 1wt%Co/SiO2- 67mg HAP-乙醇浓度1.68ml/min    ,275,5.33483516226759,0.14,2.55,2.8,89.7,2.85,1.96,33,1.0,67,1.68,0.13603829663782352,100,0.4925373133593228,I
A14,33mg 1wt%Co/SiO2- 67mg HAP-乙醇浓度1.68ml/min    ,300,10.1520362574393,0.25,3.61,4.07,85.12,3.43,3.52,33,1.0,67,1.68,0.3664885088935588,100,0.4925373133593228,I
A14,33mg 1wt%Co/SiO2- 67mg HAP-乙醇浓度1.68ml/min    ,350,24.0318985551102,1.04,10.83,6.25,70.1,4.59,7.19,33,1.0,67,1.68,2.6026546135184345,100,0.4925373133593228,I
A14,33mg 1wt%Co/SiO2- 67mg HAP-乙醇浓度1.68ml/min    ,400,53.6152568624797,2.92,22.3,7.22,49.31,7.48,10.77,33,1.0,67,1.68,11.956202280332972,100,0.4925373133593228,I
B1,50mg 1wt%Co/SiO2- 50mg HAP-乙醇浓度1.68ml/min,250,1.40818182615844,0.1,6.32,5.7,83.4,0.0,4.48,50,1.0,50,1.68,0.08899709141321342,100,0.9999999998,II
B1,50mg 1wt%Co/SiO2- 50mg HAP-乙醇浓度1.68ml/min,275,3.41791391326378,0.19,8.25,4.03,81.35,0.0,6.18,50,1.0,50,1.68,0.28197789784426186,100,0.9999999998,II
B1,50mg 1wt%Co/SiO2- 50mg HAP-乙醇浓度1.68ml/min,300,6.72372576152924,0.45,12.28,4.11,73.45,0.0,9.71,50,1.0,50,1.68,0.8256735235157906,100,0.9999999998,II
B1,50mg 1wt%Co/SiO2- 50mg HAP-乙醇浓度1.68ml/min,350,19.3092626251229,1.22,25.97,4.4,48.32,2.44,17.65,50,1.0,50,1.68,5.014615503744418,100,0.9999999998,II
B1,50mg 1wt%Co/SiO2- 50mg HAP-乙醇浓度1.68ml/min,400,43.595444389466,3.77,41.08,4.13,26.79,1.95,22.28,50,1.0,50,1.68,17.909008555192635,100,0.9999999998,II
B2,100mg 1wt%Co/SiO2- 100mg HAP-乙醇浓度1.68ml/min  ,250,2.76302415733759,0.2,3.26,2.78,89.53,0.0,4.23,100,1.0,100,1.68,0.09007458752920544,200,0.9999999999000001,II
B2,100mg 1wt%Co/SiO2- 100mg HAP-乙醇浓度1.68ml/min  ,275,4.40266107173201,0.32,4.97,3.92,83.2,0.0,7.59,100,1.0,100,1.68,0.21881225526508088,200,0.9999999999000001,II
B2,100mg 1wt%Co/SiO2- 100mg HAP-乙醇浓度1.68ml/min  ,300,6.22356275018717,0.72,9.32,5.21,71.37,3.09,10.29,100,1.0,100,1.68,0.5800360483174444,200,0.9999999999000001,II
B2,100mg 1wt%Co/SiO2- 100mg HAP-乙醇浓度1.68ml/min  ,350,16.1870321046694,2.11,22.88,6.07,47.39,4.74,16.81,100,1.0,100,1.68,3.7035929455483587,200,0.9999999999000001,II
B2,100mg 1wt%Co/SiO2- 100mg HAP-乙醇浓度1.68ml/min  ,400,45.1352390825493,8.1,38.7,7.12,24.22,4.34,17.52,100,1.0,100,1.68,17.46733752494658,200,0.9999999999000001,II
B3,10mg 1wt%Co/SiO2- 10mg HAP-乙醇浓度1.68ml/min,250,0.394774301814516,0.31,2.85,18.98,76.81,0.0,1.05,10,1.0,10,1.68,0.011251067601713707,20,0.9999999989999999,II
B3,10mg 1wt%Co/SiO2- 10mg HAP-乙醇浓度1.68ml/min,275,0.615197832146397,0.42,5.35,19.79,73.56,0.0,0.88,10,1.0,10,1.68,0.03291308401983224,20,0.9999999989999999,II
B3,10mg 1wt%Co/SiO2- 10mg HAP-乙醇浓度1.68ml/min,300,1.14894845380593,0.74,7.61,19.86,70.07,0.0,1.72,10,1.0,10,1.68,0.08743497733463128,20,0.9999999989999999,II
B3,10mg 1wt%Co/SiO2- 10mg HAP-乙醇浓度1.68ml/min,325,3.28521284393757,1.16,7.74,16.61,67.57,3.77,3.15,10,1.0,10,1.68,0.25427547412076795,20,0.9999999989999999,II
B3,10mg 1wt%Co/SiO2- 10mg HAP-乙醇浓度1.68ml/min,350,6.01029955582901,1.81,13.81,20.27,53.38,4.64,6.09,10,1.0,10,1.68,0.8300223686599864,20,0.9999999989999999,II
B3,10mg 1wt%Co/SiO2- 10mg HAP-乙醇浓度1.68ml/min,400,21.1001303126785,3.79,21.21,19.72,39.51,4.88,10.89,10,1.0,10,1.68,4.47533763931911,20,0.9999999989999999,II
B4,25mg 1wt%Co/SiO2- 25mg HAP-乙醇浓度1.68ml/min,250,0.543983713140717,0.1,6.62,6.91,82.18,4.19,0.0,25,1.0,25,1.68,0.036011721809915465,50,0.9999999996,II
B4,25mg 1wt%Co/SiO2- 25mg HAP-乙醇浓度1.68ml/min,275,1.11315662843161,0.32,6.62,2.93,83.06,1.93,5.14,25,1.0,25,1.68,0.07369096880217257,50,0.9999999996,II
B4,25mg 1wt%Co/SiO2- 25mg HAP-乙醇浓度1.68ml/min,300,3.01498497672866,0.31,5.05,8.47,78.11,4.04,4.02,25,1.0,25,1.68,0.15225674132479733,50,0.9999999996,II
B4,25mg 1wt%Co/SiO2- 25mg HAP-乙醇浓度1.68ml/min,325,6.05517768940117,0.69,8.33,12.29,70.48,3.89,4.32,25,1.0,25,1.68,0.5043963015271175,50,0.9999999996,II
B4,25mg 1wt%Co/SiO2- 25mg HAP-乙醇浓度1.68ml/min,350,9.64336126696237,0.76,13.1,14.26,59.75,3.89,8.24,25,1.0,25,1.68,1.2632803259720702,50,0.9999999996,II
B4,25mg 1wt%Co/SiO2- 25mg HAP-乙醇浓度1.68ml/min,400,33.4895955281135,2.68,21.45,15.15,43.12,5.21,12.39,25,1.0,25,1.68,7.183518240780345,50,0.9999999996,II
B5,50mg 1wt%Co/SiO2- 50mg HAP-乙醇浓度2.1ml/min,250,2.12124689485722,0.18,4.3,3.98,84.81,4.76,1.97,50,1.0,50,2.1,0.09121361647886045,100,0.9999999998,II
B5,50mg 1wt%Co/SiO2- 50mg HAP-乙醇浓度2.1ml/min,275,3.83357052176252,0.35,5.06,7.67,78.13,4.22,4.57,50,1.0,50,2.1,0.19397866840118347,100,0.9999999998,II
B5,50mg 1wt%Co/SiO2- 50mg HAP-乙醇浓度2.1ml/min,300,5.81212036583176,0.47,7.92,14.04,66.89,4.41,6.27,50,1.0,50,2.1,0.46031993297387536,100,0.9999999998,II
B5,50mg 1wt%Co/SiO2- 50mg HAP-乙醇浓度2.1ml/min,325,9.7842849683418,0.77,11.69,14.62,59.29,5.28,8.35,50,1.0,50,2.1,1.1437829127991563,100,0.9999999998,II
B5,50mg 1wt%Co/SiO2- 50mg HAP-乙醇浓度2.1ml/min,350,15.8632612859104,1.57,15.34,15.03,53.41,4.14,10.51,50,1.0,50,2.1,2.4334242812586555,100,0.9999999998,II
B5,50mg 1wt%Co/SiO2- 50mg HAP-乙醇浓度2.1ml/min,400,44.9818815507988,3.93,25.83,13.82,36.87,6.16,13.39,50,1.0,50,2.1,11.61882000457133,100,0.9999999998,II
B6,75mg 1wt%Co/SiO2- 75mg HAP-乙醇浓度1.68ml/min,250,2.7681694785164,0.23,4.5,1.97,85.16,4.87,3.27,75,1.0,75,1.68,0.124567626533238,150,0.9999999998666668,II
B6,75mg 1wt%Co/SiO2- 75mg HAP-乙醇浓度1.68ml/min,275,7.51025282890253,0.15,4.79,2.16,86.83,3.82,2.25,75,1.0,75,1.68,0.3597411105044312,150,0.9999999998666668,II
B6,75mg 1wt%Co/SiO2- 75mg HAP-乙醇浓度1.68ml/min,300,12.6192375239931,0.5,8.77,4.81,74.9,5.05,5.97,75,1.0,75,1.68,1.1067071308541947,150,0.9999999998666668,II
B6,75mg 1wt%Co/SiO2- 75mg HAP-乙醇浓度1.68ml/min,325,15.8589641330784,1.04,16.06,7.44,57.98,6.75,10.73,75,1.0,75,1.68,2.546949639772391,150,0.9999999998666668,II
B6,75mg 1wt%Co/SiO2- 75mg HAP-乙醇浓度1.68ml/min,350,27.0309632091066,0.99,22.41,9.95,48.26,4.44,13.95,75,1.0,75,1.68,6.057638855160788,150,0.9999999998666668,II
B6,75mg 1wt%Co/SiO2- 75mg HAP-乙醇浓度1.68ml/min,400,63.2452382390403,4.11,30.48,11.12,34.9,4.71,14.68,75,1.0,75,1.68,19.27714861525948,150,0.9999999998666668,II
B7,100mg 1wt%Co/SiO2- 100mg HAP-乙醇浓度0.9ml/min,250,4.4,0.13,4.08,2.04,86.01,4.79,2.95,100,1.0,100,0.9,0.17952,200,0.9999999999000001,II
B7,100mg 1wt%Co/SiO2- 100mg HAP-乙醇浓度0.9ml/min,275,7.9,0.15,6.62,3.49,79.79,5.67,4.28,100,1.0,100,0.9,0.52298,200,0.9999999999000001,II
B7,100mg 1wt%Co/SiO2- 100mg HAP-乙醇浓度0.9ml/min,300,11.7,0.2,12.86,6.47,68.02,6.71,5.74,100,1.0,100,0.9,1.5046199999999998,200,0.9999999999000001,II
B7,100mg 1wt%Co/SiO2- 100mg HAP-乙醇浓度0.9ml/min,325,17.8,1.42,18.45,7.94,59.12,7.14,5.93,100,1.0,100,0.9,3.2841000000000005,200,0.9999999999000001,II
B7,100mg 1wt%Co/SiO2- 100mg HAP-乙醇浓度0.9ml/min,350,30.2,1.53,25.05,10.3,49.36,6.3,7.46,100,1.0,100,0.9,7.5651,200,0.9999999999000001,II
B7,100mg 1wt%Co/SiO2- 100mg HAP-乙醇浓度0.9ml/min,400,69.4,2.51,38.17,13.96,26.64,4.71,14.01,100,1.0,100,0.9,26.489980000000006,200,0.9999999999000001,II
